brand,price_tier_1_low_5_high,proof_strength_1_low_5_high,therapeutic_functional_1_low_5_high,lifestyle_sensorial_1_low_5_high,mass_accessibility_1_low_5_high,premium_exclusivity_1_low_5_high,price_rationale,proof_rationale,positioning_rationale,access_rationale
DENTISTE',4,3,3,4,4,2,premium Thai positioning; official product page,brand claims/technology are visible; independent proof not fully audited,freshness/night and premium lifestyle,widely relevant in Thailand but premium selective
Marvis,5,2,1,5,2,5,imported design-led premium tier,official product description; limited traceable efficacy proof in this audit,strong flavor/design/lifestyle emphasis,specialty/import orientation
APAGARD,5,4,5,2,2,5,Japanese specialty premium tier,official mHAP/medicated product specificity; cross-market applicability must be checked,functional/mineral technology led,imported specialty access
CURAPROX Enzycal,5,4,4,3,2,4,specialty oral-care premium tier,official ingredient/fluoride positioning; evidence scope requires dossier audit,functional with refined design,clinic/specialty selective access
VUSSEN,4,3,4,3,2,4,Korean whitening specialty tier,official intensity/technology framing; Thai claim applicability uncertain,functional whitening with K-beauty context,import/specialty availability
Sensodyne,2,5,5,1,5,1,mass-premium therapeutic tier,established sensitivity technology/brand proof architecture; variant-specific audit needed,strong therapeutic function,high pharmacy/mass accessibility
Colgate Optic White,2,4,4,2,5,1,mass-premium whitening tier,official whitening technology/claims; exact Thai variant and wording matter,functional whitening plus mass brand,high mass/marketplace accessibility
Oral-B/Crest 3D White,2,4,4,2,4,2,mass-premium whitening tier,official brand technology/claims; Thailand product relevance varies,functional whitening,"broad international/mass access, Thai variant availability varies"
Sparkle,3,3,3,4,4,2,Thai mass-premium/specialty tier,official/local product claims visible; evidence depth requires product dossier,beauty/lifestyle plus function,Thai retail/e-commerce relevance
Twin Lotus,2,2,3,3,4,2,Thai herbal mass-premium alternative,official herbal positioning; therapeutic proof/claim scope not established here,herbal functional and familiar lifestyle,broad Thai relevance
